uid,tid,lat,lng
0,0,36.61,92.72
0,0,41.43,140.62
0,1,25.51,75.73
0,1,33.45,99.09
0,2,26.34,170.61
0,2,39.02,72.98
1,0,1.93,-35.04
1,0,11.41,13.76
1,1,23.75,95.27
1,1,40.49,81.53
1,2,48.02,115.26
1,2,56.99,165.31
2,0,12.01,25.66
2,0,30.57,14.35
2,1,26.11,72.09
2,1,33.64,95.44
3,0,45.68,-143.36
3,0,40.15,-57.23
3,1,33.51,-1.96
3,1,41.4,31.08
3,2,31.0,68.33
3,2,21.46,171.65
4,0,14.32,22.35
4,0,26.66,38.02
4,1,29.43,85.12
4,1,31.61,102.51
5,0,40.74,81.38
5,0,29.05,72.66
5,1,33.01,84.16
5,1,22.68,112.1
5,2,35.32,72.12
5,2,48.46,88.52
5,3,41.46,91.02
5,3,25.8,108.72
5,4,36.32,78.24
5,4,47.96,70.09
5,5,32.93,150.38
5,5,32.45,119.04
5,6,28.99,102.33
5,6,31.93,93.9
5,7,23.89,86.11
5,7,41.05,86.97
6,0,40.31,80.49
6,0,41.33,166.28
7,0,32.72,95.53
7,0,30.86,119.86
7,1,33.17,117.17
7,1,38.19,90.18
8,0,39.03,118.48
8,0,31.19,170.07
8,1,32.78,90.64
8,1,25.4,88.53
8,2,29.03,159.17
8,2,28.0,76.83
8,3,36.92,110.38
8,3,44.16,147.04
8,4,39.15,111.55
8,4,26.6,87.99
8,5,35.38,84.35
8,5,27.64,146.51
8,6,32.47,100.63
8,6,31.4,98.0
8,7,34.79,84.38
8,7,26.84,114.75
8,8,41.27,100.02
8,8,30.31,113.25
8,9,37.61,106.96
8,9,41.33,137.46
8,10,40.54,105.95
8,10,22.03,100.15
8,11,38.79,110.66
8,11,30.53,78.66
8,12,33.48,88.97
8,12,37.65,68.4
9,0,48.03,122.13
9,0,31.8,77.06
9,1,22.49,89.18
9,1,29.42,-29.29
10,0,38.81,110.01
10,0,25.73,154.41
10,1,23.56,81.27
10,1,36.04,80.76
10,2,26.2,156.47
10,2,35.67,111.18
10,3,24.89,110.22
10,3,33.8,70.82
10,4,28.2,78.59
10,4,36.79,66.31
10,5,23.9,157.61
10,5,34.28,68.61
10,6,27.11,153.22
10,6,37.17,94.34
10,7,23.03,107.13
10,7,35.52,86.12
10,8,25.4,91.12
10,8,38.54,109.03
10,9,26.68,148.88
10,9,14.38,110.43
10,10,23.76,148.95
10,10,34.6,107.33
10,11,32.53,122.89
10,11,35.09,88.28
10,12,23.02,137.95
10,12,33.17,100.99
10,13,30.91,110.25
10,13,36.91,112.7
10,14,24.72,92.53
10,14,35.46,111.05
10,15,24.53,171.01
10,15,37.38,119.44
10,16,45.65,75.56
10,16,32.26,113.81
10,17,27.83,87.24
10,17,32.45,100.32
11,0,33.17,72.66
11,0,31.05,103.7
11,1,37.61,107.04
11,1,28.33,114.92
11,2,33.95,102.78
11,2,32.77,69.37
12,0,38.54,80.11
12,0,30.04,108.82
12,1,35.06,105.48
12,1,21.47,87.05
12,2,34.2,73.88
12,2,30.16,111.02
12,3,36.09,115.22
12,3,26.29,157.09
12,4,40.02,102.52
12,4,27.47,136.99
12,5,39.36,87.79
12,5,21.65,103.4
12,6,34.44,121.45
12,6,39.41,89.85
12,7,25.86,126.39
12,7,35.84,104.23
12,8,29.19,116.8
12,8,39.06,92.89
13,0,40.15,75.14
13,0,22.82,116.52
14,0,25.58,77.35
14,0,28.68,164.96
15,0,9.01,101.21
15,0,18.63,155.06
15,1,30.04,122.05
15,1,33.82,108.97
16,0,33.61,117.59
16,0,29.88,94.09
16,1,33.26,99.65
16,1,21.52,81.21
16,2,33.16,84.61
16,2,28.91,76.49
16,3,31.6,103.93
16,3,24.17,70.36
16,4,37.05,68.53
16,4,46.48,84.21
16,5,38.19,86.45
16,5,26.49,173.14
16,6,37.18,88.19
16,6,23.61,84.84
16,7,35.14,68.94
16,7,27.5,145.15
16,8,37.48,75.79
16,8,29.21,113.77
16,9,41.0,112.26
16,9,30.69,70.33
16,10,33.23,108.76
16,10,29.94,104.21
16,11,33.32,97.61
16,11,28.55,117.43
16,12,36.04,105.32
16,12,25.48,91.14
16,13,38.75,103.29
16,13,26.34,141.52
16,14,33.36,95.07
16,14,24.24,97.57
16,15,33.66,84.63
16,15,25.44,83.02
16,16,32.91,94.59
16,16,30.35,111.5
16,17,32.66,116.99
16,17,38.69,155.91
16,18,32.09,99.9
16,18,43.57,24.85
16,19,44.87,-19.1
16,19,40.59,112.67
17,0,37.7,87.15
17,0,35.15,82.5
18,0,46.08,-28.35
18,0,33.62,15.82
19,0,32.21,75.01
19,0,26.6,86.69
19,1,33.16,77.5
19,1,23.71,126.18
19,2,36.75,114.61
19,2,21.58,121.12
19,3,26.67,96.73
19,3,41.28,145.2
19,4,21.82,98.41
19,4,36.97,108.01
19,5,30.85,161.9
19,5,28.76,66.34
19,6,41.21,83.38
19,6,23.31,86.67
19,7,39.03,85.77
19,7,27.74,104.87
19,8,34.24,98.99
19,8,28.56,86.7
19,9,34.4,97.06
19,9,23.99,68.13
19,10,36.99,77.0
19,10,41.46,72.34
20,0,59.09,53.53
20,0,46.76,-1.1
21,0,41.48,99.51
21,0,24.21,166.65
21,1,27.79,86.47
21,1,39.58,73.37
21,2,25.68,148.84
21,2,33.64,76.13
21,3,25.45,162.81
21,3,35.28,85.25
21,4,47.87,161.6
21,4,37.84,68.68
22,0,32.97,-55.8
22,0,46.45,-136.77
23,0,15.46,-12.22
23,0,4.12,27.93
24,0,33.81,115.96
24,0,24.28,122.31
24,1,38.67,110.49
24,1,48.39,71.03
24,2,60.2,114.22
24,2,47.02,39.68
24,3,48.83,-30.86
24,3,50.25,-42.66
24,4,35.11,-41.51
24,4,33.92,46.25
24,5,29.74,113.28
24,5,35.25,90.03
24,6,31.8,148.18
24,6,46.94,162.28
24,7,38.45,112.62
24,7,29.63,95.18
24,8,40.83,70.66
24,8,24.17,101.43
24,9,33.58,78.51
24,9,51.43,67.1
24,10,34.81,69.44
24,10,42.74,120.18
24,11,35.54,100.47
24,11,30.04,87.84
24,12,38.73,96.74
24,12,22.64,141.14
24,13,39.08,85.02
24,13,39.59,88.46
25,0,40.99,149.23
25,0,32.38,66.45
26,0,33.81,-15.55
26,0,22.0,-26.15
27,0,35.91,84.85
27,0,21.89,83.69
27,1,34.55,67.74
27,1,46.72,121.08
27,2,36.56,87.7
27,2,29.96,131.87
27,3,34.88,70.81
27,3,45.4,104.39
27,4,37.2,83.14
27,4,25.45,125.23
27,5,37.65,92.77
27,5,29.5,72.15
27,6,32.46,74.07
27,6,23.91,70.63
27,7,33.5,78.73
27,7,31.3,109.27
27,8,38.05,70.17
27,8,24.36,90.45
27,9,40.34,103.46
27,9,26.75,84.01
27,10,32.85,88.66
27,10,22.28,72.55
27,11,40.7,115.24
27,11,23.46,114.38
27,12,23.62,154.75
27,12,39.87,88.17
28,0,36.04,112.86
28,0,30.33,72.35
28,1,32.6,85.87
28,1,47.82,86.36
28,2,38.43,85.1
28,2,46.02,38.05
28,3,42.11,-19.09
28,3,38.65,-82.9
28,4,36.06,-98.25
28,4,40.5,-63.17
28,5,34.43,-36.86
28,5,23.14,-21.77
28,6,24.92,34.55
28,6,21.91,70.06
28,7,25.4,158.13
28,7,35.43,75.27
28,8,23.18,150.88
28,8,35.23,71.9
28,9,26.79,69.75
28,9,38.26,93.32
28,10,26.93,93.05
28,10,39.82,86.42
28,11,27.84,127.88
28,11,33.44,103.24
28,12,23.65,72.96
28,12,33.31,119.59
28,13,24.19,81.16
28,13,37.93,74.16
28,14,26.17,83.82
28,14,32.75,114.81
28,15,27.79,95.42
28,15,13.58,88.51
28,16,22.18,105.38
28,16,37.89,117.73
28,17,50.94,86.02
28,17,35.96,77.01
28,18,27.02,134.12
28,18,38.66,99.47
28,19,26.65,172.24
28,19,13.09,79.82
28,20,17.5,163.89
28,20,29.02,172.96
28,21,23.81,109.1
28,21,39.36,84.72
28,22,25.16,98.68
28,22,31.54,116.96
28,23,25.41,90.12
28,23,36.17,88.88
29,0,32.2,104.82
29,0,21.72,160.91
29,1,31.34,81.31
29,1,31.63,92.92
29,2,34.88,130.37
29,2,22.86,100.18
29,3,40.6,81.95
29,3,44.95,92.73
29,4,34.45,116.24
29,4,38.77,155.39
29,5,33.73,86.91
29,5,21.67,112.21
29,6,37.49,98.43
29,6,29.57,158.16
29,7,27.62,82.62
29,7,35.74,100.7
29,8,24.27,75.41
29,8,38.98,72.54
29,9,21.48,121.82
29,9,34.65,117.96
29,10,28.21,92.76
29,10,35.11,86.58
29,11,22.58,107.49
29,11,35.13,83.8
29,12,50.13,101.16
29,12,58.62,98.02
29,13,48.35,63.89
29,13,44.26,-38.43
29,14,38.33,-73.05
29,14,40.92,-124.59
29,15,40.45,-78.34
29,15,45.01,-18.57
29,16,54.09,33.18
29,16,50.96,-30.65
29,17,55.58,-73.71
29,17,57.38,-17.23
29,18,58.11,-55.53
29,18,51.98,-8.92
29,19,48.67,46.32
29,19,49.47,-34.07
29,20,40.02,-77.73
29,20,33.12,-140.08
29,21,32.2,-85.4
29,21,40.18,-34.29
29,22,36.66,56.65
29,22,25.77,-9.15
29,23,28.97,29.29
29,23,27.46,-26.63
29,24,23.36,14.63
29,24,33.88,-29.7
29,25,26.75,-32.78
29,25,28.67,63.28
29,26,25.98,-7.47
29,26,25.66,54.37
29,27,35.54,-9.91
29,27,35.81,45.5
29,28,38.5,98.78
29,28,33.62,66.57
30,0,40.58,104.72
30,0,50.21,37.92
30,1,57.13,21.76
30,1,51.1,1.83
30,2,56.36,31.89
30,2,48.21,4.47
30,3,58.87,-66.92
30,3,54.51,-29.61
30,4,54.43,-63.92
30,4,60.43,-38.82
30,5,42.31,-34.7
30,5,58.33,17.07
30,6,44.83,-2.78
30,6,38.69,15.72
30,7,36.83,112.28
30,7,25.83,139.87
30,8,32.63,86.16
30,8,27.9,53.61
30,9,34.92,-20.34
30,9,37.78,24.1
30,10,39.92,110.25
30,10,29.59,88.53
30,11,36.61,117.73
30,11,28.63,113.7
30,12,34.04,92.49
30,12,49.05,149.31
30,13,33.04,84.12
30,13,23.89,76.85
30,14,39.71,75.52
30,14,26.52,78.78
30,15,40.82,85.57
30,15,30.47,94.01
30,16,31.89,80.13
30,16,22.83,77.87
30,17,31.81,81.14
30,17,23.47,91.32
30,18,24.01,130.51
30,18,38.51,95.88
30,19,22.71,171.97
30,19,37.76,68.8
30,20,50.75,79.32
30,20,33.71,97.24
30,21,21.53,75.85
30,21,41.18,99.6
30,22,24.08,103.56
30,22,39.45,116.21
30,23,23.38,128.07
30,23,38.2,76.32
30,24,21.59,100.33
30,24,35.78,115.64
30,25,30.74,88.58
30,25,36.33,116.17
31,0,59.46,124.48
31,0,52.91,127.73
32,0,40.66,66.99
32,0,49.65,71.04
32,1,38.23,72.91
32,1,34.6,126.37
32,2,36.76,73.97
32,2,24.98,113.73
32,3,32.99,117.48
32,3,24.13,73.79
32,4,41.18,120.26
32,4,28.63,88.28
32,5,38.64,76.96
32,5,22.06,161.61
32,6,22.06,109.19
32,6,32.38,164.83
32,7,26.47,92.29
32,7,35.75,119.48
33,0,34.67,80.15
33,0,40.4,131.82
33,1,26.03,155.91
33,1,35.82,81.11
33,2,44.27,166.32
33,2,41.23,119.03
33,3,24.68,109.34
33,3,31.48,107.66
33,4,22.72,118.28
33,4,31.82,94.83
33,5,22.28,112.85
33,5,39.79,115.61
33,6,25.87,74.65
33,6,38.83,69.52
33,7,22.67,75.75
33,7,38.56,86.04
33,8,23.97,88.06
33,8,13.45,101.69
33,9,27.77,121.34
33,9,39.69,73.31
34,0,32.36,84.08
34,0,21.56,166.93
34,1,40.83,93.48
34,1,25.54,111.73
34,2,31.7,105.72
34,2,31.22,86.14
34,3,33.71,114.92
34,3,42.19,106.08
34,4,32.38,102.75
34,4,46.84,85.89
34,5,31.82,84.55
34,5,39.63,165.94
34,6,43.66,139.97
34,6,41.28,82.48
34,7,25.65,82.82
34,7,34.66,112.3
34,8,44.94,149.81
34,8,34.79,109.57
34,9,29.52,154.78
34,9,30.92,86.64
34,10,35.66,117.37
34,10,31.38,104.14
34,11,40.73,100.41
34,11,40.99,77.37
35,0,36.26,81.88
35,0,25.78,137.58
35,1,35.15,108.76
35,1,46.2,84.05
35,2,32.93,85.65
35,2,37.42,98.26
36,0,38.02,77.05
36,0,22.42,100.48
36,1,31.9,120.03
36,1,22.83,115.44
36,2,33.29,116.62
36,2,24.73,111.73
36,3,13.48,121.95
36,3,21.48,66.74
36,4,33.46,89.99
36,4,21.48,84.61
36,5,37.87,79.91
36,5,46.31,94.86
36,6,32.3,107.63
36,6,30.21,122.61
36,7,41.28,67.66
36,7,41.72,73.59
36,8,55.51,97.25
36,8,42.06,28.38
36,9,58.92,41.84
36,9,45.21,-37.48
36,10,42.89,40.92
36,10,61.4,40.36
36,11,48.88,-32.33
36,11,36.05,15.78
36,12,28.32,-31.18
36,12,29.57,54.22
36,13,28.08,100.81
36,13,41.27,86.2
37,0,37.99,119.64
37,0,43.1,101.23
37,1,39.48,86.46
37,1,28.63,101.03
37,2,37.81,78.92
37,2,28.07,66.79
37,3,38.02,79.63
37,3,42.58,93.97
37,4,34.36,74.34
37,4,26.91,113.33
37,5,34.96,104.37
37,5,41.96,88.63
37,6,32.9,71.17
37,6,31.35,110.57
37,7,31.61,108.17
37,7,21.84,77.88
37,8,26.41,127.35
37,8,39.99,90.64
37,9,26.57,117.44
37,9,37.52,116.43
37,10,31.88,171.0
37,10,37.54,67.8
37,11,36.02,139.2
37,11,32.69,109.07
37,12,22.88,110.06
37,12,35.86,105.31
37,13,43.38,168.22
37,13,38.51,94.91
37,14,42.96,149.38
37,14,38.78,71.04
37,15,25.13,174.23
37,15,26.31,106.11
37,16,36.03,102.56
37,16,27.56,119.71
37,17,27.1,132.45
37,17,28.68,107.48
37,18,40.39,103.05
37,18,46.37,144.51
37,19,37.36,114.09
37,19,43.1,79.54
37,20,34.58,105.25
37,20,24.93,109.18
37,21,41.44,78.87
37,21,29.13,166.71
37,22,34.46,90.16
37,22,27.76,111.67
37,23,34.85,88.92
37,23,50.29,82.78
37,24,39.99,68.02
37,24,47.07,98.28
37,25,32.56,92.47
37,25,29.72,104.8
37,26,32.93,105.75
37,26,27.72,100.87
37,27,40.71,82.93
37,27,22.15,97.79
37,28,28.62,137.54
37,28,36.06,119.9
37,29,29.79,87.12
37,29,39.98,68.94
37,30,29.67,67.95
37,30,35.16,84.39
37,31,27.28,87.1
37,31,39.03,116.85
37,32,51.2,156.9
37,32,37.98,75.71
37,33,23.92,129.9
37,33,35.19,78.46
37,34,46.13,72.69
37,34,37.49,80.93
37,35,50.11,119.46
37,35,55.16,113.92
37,36,45.76,18.72
37,36,60.03,65.3
37,37,42.99,-9.75
37,37,32.06,-81.77
37,38,37.61,-16.4
37,38,39.41,29.6
37,39,37.64,105.03
37,39,30.63,147.82
37,40,35.89,105.63
37,40,41.13,106.48
38,0,36.0,69.63
38,0,28.59,69.96
38,1,32.95,114.42
38,1,29.05,75.69
38,2,41.12,71.23
38,2,30.52,115.11
38,3,35.22,116.93
38,3,21.44,168.55
39,0,37.54,106.26
39,0,35.55,108.31
40,0,3.3,34.75
40,0,19.38,40.15
41,0,5.62,-14.82
41,0,14.93,43.24
41,1,22.27,106.96
41,1,34.61,67.22
41,2,45.47,70.53
41,2,56.4,162.59
42,0,36.62,86.9
42,0,29.99,68.56
42,1,41.47,75.28
42,1,49.13,63.72
42,2,46.93,-32.06
42,2,38.46,53.45
42,3,22.4,-40.79
42,3,30.12,46.41
42,4,27.1,-24.49
42,4,27.67,61.43
42,5,21.74,5.93
42,5,27.7,47.22
42,6,39.24,-14.81
42,6,31.1,-5.22
42,7,21.45,25.94
42,7,22.09,81.87
42,8,40.69,80.55
42,8,23.74,69.14
42,9,35.91,114.71
42,9,23.09,111.26
42,10,39.18,81.21
42,10,35.59,69.29
43,0,36.94,102.84
43,0,27.39,83.96
44,0,49.12,121.17
44,0,48.33,156.78
45,0,36.82,68.89
45,0,30.34,72.91
45,1,32.99,107.83
45,1,30.51,139.67
45,2,24.0,111.18
45,2,32.6,97.12
45,3,24.69,111.38
45,3,34.79,75.28
45,4,29.42,90.45
45,4,37.28,89.53
45,5,24.93,96.23
45,5,33.63,110.87
45,6,31.31,105.69
45,6,41.08,74.65
46,0,35.19,112.98
46,0,23.07,58.85
46,1,28.53,-26.55
46,1,21.77,33.31
46,2,30.6,112.25
46,2,32.13,120.07
46,3,25.24,94.59
46,3,31.63,107.7
46,4,24.99,103.96
46,4,32.34,76.9
46,5,43.29,66.45
46,5,59.19,104.86
46,6,47.16,17.38
46,6,47.26,3.87
46,7,46.96,-72.92
46,7,45.24,-112.68
46,8,40.5,-75.98
46,8,35.69,-2.9
46,9,32.28,41.86
46,9,33.06,117.28
46,10,22.1,80.13
46,10,40.25,117.99
46,11,42.6,93.36
46,11,35.41,98.97
46,12,22.77,118.65
46,12,39.03,74.69
46,13,29.98,121.16
46,13,17.51,112.56
46,14,25.05,101.99
46,14,40.41,100.97
46,15,29.14,89.13
46,15,37.62,116.77
46,16,44.53,88.23
46,16,38.95,127.5
46,17,36.93,112.14
46,17,24.69,145.18
46,18,41.37,120.22
46,18,27.71,96.92
46,19,39.73,74.09
46,19,48.61,69.21
46,20,58.76,89.11
46,20,43.18,41.53
46,21,48.56,10.36
46,21,31.69,-88.7
46,22,38.85,9.69
46,22,35.97,44.87
46,23,37.24,79.69
46,23,25.81,153.66
46,24,40.08,79.04
46,24,42.71,71.74
46,25,41.48,83.89
46,25,51.06,80.21
46,26,36.86,84.66
46,26,26.45,82.37
46,27,34.24,86.49
46,27,23.63,155.24
46,28,26.9,83.95
46,28,34.7,75.04
46,29,31.29,108.06
46,29,33.4,50.81
46,30,33.87,71.72
46,30,25.08,82.82
46,31,40.27,118.88
46,31,21.61,112.61
46,32,36.48,92.64
46,32,24.96,74.29
46,33,36.96,107.48
46,33,24.4,91.11
46,34,33.17,72.26
46,34,26.14,113.98
46,35,40.63,110.49
46,35,28.19,141.78
46,36,38.36,72.6
46,36,28.4,95.37
46,37,39.45,88.44
46,37,27.91,94.23
46,38,39.29,112.92
46,38,38.12,116.91
47,0,32.34,116.66
47,0,26.06,90.53
47,1,40.2,101.22
47,1,29.7,116.08
47,2,32.93,88.57
47,2,28.53,84.91
47,3,40.79,113.13
47,3,49.02,36.49
47,4,49.75,-34.91
47,4,58.16,-56.2
47,5,55.93,3.7
47,5,45.45,-7.31
47,6,32.57,-95.77
47,6,38.82,-115.46
47,7,40.15,-47.8
47,7,38.13,-18.83
47,8,34.42,65.32
47,8,35.4,83.27
47,9,26.19,72.8
47,9,34.36,104.17
47,10,28.26,94.78
47,10,33.58,111.34
47,11,29.88,117.4
47,11,40.54,114.31
47,12,45.13,98.22
47,12,41.23,93.87
47,13,28.9,127.52
47,13,33.64,97.11
47,14,21.53,79.72
47,14,32.78,117.04
47,15,30.66,69.68
47,15,17.26,107.19
47,16,2.48,36.94
47,16,20.81,72.92
47,17,30.87,109.39
47,17,37.06,118.64
47,18,26.91,136.18
47,18,36.74,112.29
47,19,49.64,98.13
47,19,35.8,108.43
47,20,50.87,165.38
47,20,33.75,107.15
47,21,28.82,103.62
47,21,39.47,77.93
48,0,33.19,81.23
48,0,23.92,70.85
48,1,35.37,110.05
48,1,48.64,81.98
48,2,31.44,103.05
48,2,29.94,107.74
48,3,20.09,89.53
48,3,20.79,154.32
48,4,9.62,76.55
48,4,12.98,149.17
48,5,29.85,120.67
48,5,25.34,120.3
48,6,37.99,106.99
48,6,31.07,140.27
48,7,40.55,89.92
48,7,24.37,166.28
48,8,41.32,91.2
48,8,29.9,145.73
48,9,37.7,93.99
48,9,23.15,114.03
48,10,33.02,67.06
48,10,49.66,106.24
48,11,36.45,66.97
48,11,25.82,85.48
48,12,37.05,66.96
48,12,29.09,97.04
48,13,35.7,66.85
48,13,21.46,156.85
48,14,24.53,81.8
48,14,41.23,105.55
49,0,40.44,114.63
49,0,23.0,90.79
49,1,37.7,76.24
49,1,22.03,169.47
49,2,25.54,101.39
49,2,38.12,85.73
49,3,39.23,169.16
49,3,40.93,111.48
49,4,26.87,93.75
49,4,40.04,94.43
49,5,28.84,93.55
49,5,40.52,103.89
49,6,23.36,88.23
49,6,35.58,75.49
49,7,30.53,80.54
49,7,37.76,112.1
49,8,26.98,111.23
49,8,21.45,154.02
49,9,34.07,105.18
49,9,37.36,94.78
50,0,37.49,93.78
50,0,24.39,104.91
50,1,34.76,106.44
50,1,22.8,84.4
50,2,35.47,71.35
50,2,34.16,138.64
50,3,29.58,139.86
50,3,27.67,82.97
50,4,31.88,114.84
50,4,42.84,99.96
50,5,38.66,86.43
50,5,41.07,115.23
51,0,33.62,91.54
51,0,29.99,100.55
51,1,33.91,109.95
51,1,45.59,152.02
51,2,40.28,90.39
51,2,22.35,109.87
51,3,36.23,87.46
51,3,27.76,92.25
51,4,26.85,147.84
51,4,39.84,76.0
51,5,24.5,116.5
51,5,26.7,149.32
51,6,40.47,105.77
51,6,22.95,81.28
51,7,30.47,131.92
51,7,39.93,96.01
52,0,33.56,80.16
52,0,51.18,77.42
52,1,35.63,114.28
52,1,32.28,97.88
53,0,43.48,11.97
53,0,33.64,54.9
53,1,33.93,79.29
53,1,24.29,114.82
53,2,34.51,96.74
53,2,42.33,94.2
53,3,56.45,77.09
53,3,48.49,19.39
53,4,46.27,-7.52
53,4,49.93,-78.51
53,5,41.16,-76.73
53,5,50.49,-94.51
53,6,32.28,-9.64
53,6,35.98,61.42
53,7,32.97,99.31
53,7,30.58,166.09
53,8,41.03,87.79
53,8,28.02,83.73
53,9,32.43,96.79
53,9,27.29,173.96
53,10,35.39,113.23
53,10,30.16,86.72
53,11,35.77,118.15
53,11,45.6,93.44
53,12,36.99,106.63
53,12,28.82,110.62
53,13,36.83,113.27
53,13,22.61,107.87
53,14,37.32,95.31
53,14,25.63,102.94
53,15,41.16,80.1
53,15,28.5,155.8
53,16,20.74,80.39
53,16,15.64,121.04
53,17,10.76,151.31
53,17,18.51,142.12
53,18,24.59,88.56
53,18,33.65,90.01
53,19,26.93,119.17
53,19,34.33,90.61
53,20,35.29,132.94
53,20,46.82,137.78
53,21,39.0,102.05
53,21,39.07,160.07
53,22,22.49,135.07
53,22,41.23,68.32
53,23,50.79,110.83
53,23,55.24,87.15
53,24,59.02,165.98
53,24,56.89,101.01
53,25,47.29,33.93
53,25,52.75,47.78
53,26,47.83,-23.62
53,26,60.89,58.02
53,27,49.9,-8.46
53,27,45.01,-48.06
53,28,37.41,-33.54
53,28,26.48,12.1
53,29,26.77,50.81
53,29,37.8,-33.05
53,30,34.26,65.11
53,30,40.7,75.04
53,31,28.44,93.59
53,31,34.46,73.68
53,32,21.84,69.54
53,32,28.53,133.74
53,33,25.4,69.68
53,33,40.81,73.55
53,34,26.9,130.64
53,34,39.76,106.46
53,35,35.08,137.94
53,35,26.48,93.59
53,36,35.58,75.78
53,36,30.66,136.5
53,37,33.03,77.83
53,37,47.46,153.15
53,38,41.02,71.69
53,38,28.72,78.87
53,39,37.95,80.55
53,39,28.05,112.67
53,40,31.87,100.99
53,40,51.47,38.57
53,41,43.2,-41.41
53,41,46.5,-92.83
53,42,36.79,-25.36
53,42,35.61,38.2
53,43,34.01,82.3
53,43,24.47,152.44
53,44,34.29,76.63
53,44,28.51,84.39
53,45,23.12,169.28
53,45,37.62,103.19
53,46,49.97,156.01
53,46,39.76,74.74
53,47,30.35,114.28
53,47,31.14,165.14
53,48,27.91,107.18
53,48,41.07,106.33
53,49,22.9,119.2
53,49,32.49,104.72
53,50,30.43,96.72
53,50,38.64,91.69
53,51,26.27,85.52
53,51,40.2,70.63
53,52,30.43,95.23
53,52,32.62,100.77
53,53,23.46,108.48
53,53,39.72,66.78
53,54,23.88,114.21
53,54,33.74,67.74
53,55,21.9,91.27
53,55,40.04,73.78
53,56,23.05,104.05
53,56,41.47,105.79
53,57,29.19,70.99
53,57,38.56,87.01
53,58,37.0,172.68
53,58,27.16,107.65
53,59,33.41,82.45
53,59,26.26,97.1
53,60,32.88,103.76
53,60,28.14,84.7
53,61,14.97,119.67
53,61,8.4,18.26
53,62,1.9,79.32
53,62,16.48,147.01
53,63,9.63,142.94
53,63,7.52,90.22
53,64,12.77,138.14
53,64,9.43,155.61
53,65,1.29,82.57
53,65,18.65,111.34
53,66,11.06,30.35
53,66,12.34,78.49
53,67,6.48,62.06
53,67,19.71,87.53
53,68,29.93,92.79
53,68,35.4,67.5
53,69,24.57,105.38
53,69,31.72,120.22
53,70,42.36,29.82
53,70,59.15,-32.98
53,71,44.84,1.91
53,71,60.21,48.39
53,72,44.9,-30.06
53,72,58.92,40.43
53,73,46.92,-30.0
53,73,37.37,35.62
53,74,26.37,-34.82
53,74,27.28,62.37
53,75,24.63,69.32
53,75,15.28,126.48
53,76,29.8,132.09
53,76,36.12,75.18
53,77,28.74,115.83
53,77,32.91,113.34
53,78,26.54,94.55
53,78,39.92,94.5
53,79,45.19,126.74
53,79,40.23,101.73
53,80,29.66,104.97
53,80,39.83,101.78
53,81,26.96,140.25
53,81,31.8,80.0
53,82,29.81,72.57
53,82,40.37,94.11
53,83,24.25,142.23
53,83,33.36,96.07
53,84,30.38,122.4
53,84,33.8,108.56
53,85,28.09,106.87
53,85,33.83,113.47
53,86,35.95,156.08
53,86,49.11,169.83
53,87,35.51,88.48
53,87,23.64,69.92
53,88,23.33,153.27
53,88,37.28,116.45
53,89,27.85,126.35
53,89,22.73,90.29
53,90,38.5,116.86
53,90,29.15,98.51
53,91,31.72,83.86
53,91,29.65,90.92
53,92,33.66,96.93
53,92,24.38,74.15
53,93,38.2,109.98
53,93,34.96,158.59
53,94,34.02,77.23
53,94,29.64,82.62
53,95,35.71,73.02
53,95,27.64,86.3
53,96,35.31,117.53
53,96,29.28,109.87
53,97,37.35,101.98
53,97,30.61,84.31
53,98,34.38,118.25
53,98,45.23,97.18
53,99,48.09,52.31
53,99,47.48,-1.42
53,100,46.51,41.11
53,100,53.2,91.64
53,101,59.04,142.61
53,101,51.89,114.92
53,102,45.04,46.41
53,102,45.71,-6.24
53,103,33.5,-66.6
53,103,35.26,-17.27
53,104,38.21,63.89
53,104,37.74,115.6
53,105,30.98,135.77
53,105,34.97,68.55
53,106,47.11,112.83
53,106,36.54,171.61
53,107,34.41,112.36
53,107,26.33,109.39
53,108,32.34,78.49
53,108,26.49,81.45
53,109,36.03,93.68
53,109,28.43,71.95
53,110,38.57,82.01
53,110,26.45,119.38
53,111,37.34,71.51
53,111,27.93,147.38
53,112,27.96,96.33
53,112,38.35,112.46
53,113,28.38,163.18
53,113,38.02,117.18
53,114,22.91,148.87
53,114,31.7,89.66
53,115,25.74,100.99
53,115,25.61,165.92
53,116,21.42,93.27
53,116,35.04,114.56
53,117,28.65,91.33
53,117,32.93,73.7
53,118,21.92,106.58
53,118,37.45,71.02
53,119,24.15,107.49
53,119,32.13,67.31
53,120,26.04,116.87
53,120,31.72,89.24
53,121,35.05,137.94
53,121,36.8,75.54
53,122,32.56,161.92
53,122,44.15,139.13
53,123,35.82,108.29
53,123,27.16,110.7
53,124,34.49,79.37
53,124,30.83,90.56
53,125,40.63,98.7
53,125,48.49,131.07
53,126,40.02,84.34
53,126,48.58,67.03
53,127,38.38,68.96
53,127,28.94,77.8
53,128,38.03,74.94
53,128,28.77,141.55
53,129,33.36,89.36
53,129,22.13,79.56
53,130,32.05,88.34
53,130,22.31,115.26
53,131,34.26,86.85
53,131,24.86,85.56
53,132,32.07,116.43
53,132,26.59,100.53
53,133,38.14,81.63
53,133,49.23,154.2
53,134,31.9,102.44
53,134,21.87,91.82
53,135,15.25,70.1
53,135,31.11,123.73
53,136,35.43,90.8
53,136,29.97,103.69
53,137,35.73,105.13
53,137,30.45,108.89
53,138,35.05,75.85
53,138,22.59,108.78
53,139,40.99,106.46
53,139,29.08,112.56
53,140,35.95,100.93
53,140,33.42,171.14
53,141,32.75,79.14
53,141,26.2,90.79
53,142,38.39,92.0
53,142,49.56,100.5
53,143,40.16,115.35
53,143,49.14,69.04
53,144,34.91,71.82
53,144,26.9,164.27
53,145,37.24,94.43
53,145,30.18,68.15
53,146,34.8,114.04
53,146,41.55,96.33
53,147,31.59,104.76
53,147,21.65,111.39
53,148,34.57,105.58
53,148,45.16,101.18
53,149,32.02,108.78
53,149,21.64,90.08
53,150,35.06,73.79
53,150,22.48,85.67
53,151,32.25,116.12
53,151,50.58,116.92
53,152,40.35,108.62
53,152,28.5,72.59
53,153,32.36,113.45
53,153,31.12,84.53
53,154,34.31,79.52
53,154,21.79,90.44
53,155,34.7,101.18
53,155,28.59,109.93
53,156,34.67,70.32
53,156,28.96,102.26
53,157,33.05,79.51
53,157,25.67,67.0
53,158,39.57,97.98
53,158,33.95,134.42
53,159,44.53,155.47
53,159,32.65,82.73
53,160,41.86,143.11
53,160,36.44,93.91
53,161,25.8,173.72
53,161,40.31,68.16
53,162,29.61,151.79
53,162,25.05,100.24
53,163,34.51,67.28
53,163,36.61,129.57
53,164,36.89,73.78
53,164,23.43,125.42
53,165,33.47,111.84
53,165,39.79,149.9
53,166,38.13,72.12
53,166,46.81,56.51
53,167,55.25,-30.35
53,167,50.3,25.88
53,168,48.08,5.3
53,168,59.18,46.27
53,169,48.74,-4.48
53,169,49.22,-64.19
53,170,37.0,9.63
53,170,27.66,-23.89
53,171,27.81,52.3
53,171,32.35,-16.85
53,172,34.57,19.33
53,172,27.54,74.17
53,173,35.22,85.14
53,173,30.79,77.82
53,174,33.85,97.42
53,174,44.41,72.31
53,175,42.39,20.21
53,175,61.18,91.32
53,176,42.56,31.77
53,176,45.92,-8.11
53,177,38.21,65.63
53,177,40.41,74.69
53,178,29.86,74.88
53,178,39.46,97.66
53,179,26.7,84.51
53,179,33.24,110.98
53,180,25.27,89.12
53,180,37.44,76.97
53,181,26.82,125.82
53,181,35.55,82.19
53,182,25.1,102.01
53,182,36.6,101.35
53,183,28.14,76.67
53,183,35.83,85.19
53,184,24.53,103.41
53,184,37.25,116.43
53,185,46.23,113.43
53,185,59.69,67.61
53,186,46.05,59.39
53,186,43.03,0.74
53,187,33.17,41.99
53,187,41.47,76.6
53,188,45.47,130.65
53,188,35.22,77.34
53,189,25.41,68.52
53,189,32.54,97.3
53,190,25.06,109.62
53,190,26.25,163.1
53,191,39.44,117.86
53,191,27.15,106.18
53,192,36.6,104.41
53,192,35.84,142.22
54,0,6.85,0.36
54,0,15.09,29.37
54,1,27.35,84.61
54,1,36.59,83.45
54,2,46.63,82.17
54,2,60.72,147.04
55,0,41.04,82.75
55,0,27.02,114.7
55,1,38.63,102.96
55,1,34.77,101.05
56,0,34.46,162.66
56,0,29.37,162.68
57,0,39.04,76.02
57,0,39.34,114.01
58,0,36.1,80.21
58,0,27.01,36.2
58,1,36.65,-22.65
58,1,38.19,27.36
58,2,27.36,67.76
58,2,38.47,114.53
58,3,46.01,86.89
58,3,40.16,84.01
58,4,23.74,80.57
58,4,37.34,76.68
58,5,21.79,113.88
58,5,39.33,89.3
58,6,26.52,88.13
58,6,40.67,84.62
58,7,26.81,117.69
58,7,37.26,100.94
58,8,43.92,123.96
58,8,35.91,74.03
58,9,22.56,143.79
58,9,24.08,119.73
58,10,40.01,99.83
58,10,30.08,101.75
58,11,32.1,113.37
58,11,46.56,89.99
58,12,34.86,66.6
58,12,25.02,100.73
58,13,38.98,84.46
58,13,29.31,114.52
58,14,12.99,101.07
58,14,8.48,44.4
58,15,18.25,70.25
58,15,5.23,35.41
58,16,13.52,78.8
58,16,10.03,33.71
58,17,19.48,75.26
58,17,10.71,57.42
58,18,6.66,96.11
58,18,13.65,167.87
58,19,21.42,73.53
58,19,38.84,93.04
58,20,50.01,91.69
58,20,49.1,58.09
58,21,49.11,-36.64
58,21,57.84,-46.97
58,22,54.85,-10.7
58,22,44.12,45.3
58,23,47.55,-6.8
58,23,52.29,63.72
58,24,50.67,-0.48
58,24,46.47,-87.72
58,25,34.62,7.56
58,25,29.87,-23.29
58,26,22.59,38.8
58,26,24.16,-6.4
58,27,22.97,57.21
58,27,30.87,79.36
58,28,31.82,91.76
58,28,31.51,78.76
59,0,36.52,71.6
59,0,39.03,168.56
59,1,30.94,82.87
59,1,22.37,160.84
59,2,36.76,96.35
59,2,26.4,87.93
59,3,31.49,117.55
59,3,47.72,101.9
59,4,34.8,82.0
59,4,30.7,159.08
59,5,36.12,98.61
59,5,29.37,151.04
59,6,34.18,112.66
59,6,26.53,148.71
59,7,34.62,118.88
59,7,28.16,131.75
59,8,39.78,99.01
59,8,28.12,93.14
59,9,32.41,86.64
59,9,31.39,82.92
59,10,35.35,99.14
59,10,38.98,167.58
59,11,22.39,89.72
59,11,32.39,83.5
59,12,51.44,118.51
59,12,38.76,80.31
59,13,28.96,95.4
59,13,35.04,66.37
59,14,25.36,101.03
59,14,31.44,95.3
59,15,50.39,67.58
59,15,39.39,119.95
59,16,21.62,135.78
59,16,32.72,115.45
60,0,61.41,-34.13
60,0,49.41,-64.04
61,0,31.7,118.5
61,0,25.73,78.18
61,1,35.92,97.72
61,1,32.29,73.25
62,0,32.04,87.52
62,0,36.91,121.0
62,1,24.66,79.57
62,1,37.05,107.47
62,2,26.86,78.49
62,2,31.69,68.45
63,0,33.23,-122.09
63,0,48.89,-69.58
63,1,51.79,-87.26
63,1,53.02,-36.38
63,2,49.64,23.32
63,2,53.14,155.4
64,0,35.34,91.3
64,0,27.39,106.88
64,1,40.2,106.8
64,1,22.66,106.1
64,2,35.45,89.43
64,2,24.63,90.96
64,3,40.38,85.04
64,3,43.38,102.43
64,4,38.63,132.55
64,4,33.35,108.68
64,5,29.86,107.97
64,5,34.3,118.95
65,0,41.48,79.46
65,0,30.55,70.05
65,1,39.84,90.78
65,1,32.34,114.3
66,0,27.46,-31.81
66,0,27.81,35.42
67,0,31.82,114.3
67,0,28.95,159.71
67,1,37.75,69.97
67,1,23.6,100.67
67,2,41.41,76.79
67,2,31.1,110.41
67,3,39.12,112.14
67,3,31.41,118.56
67,4,34.43,95.44
67,4,27.69,142.89
67,5,31.61,99.76
67,5,35.76,135.4
68,0,38.65,86.84
68,0,22.74,169.41
69,0,39.13,104.1
69,0,36.14,131.28
70,0,33.93,102.7
70,0,35.27,116.17
71,0,37.7,119.07
71,0,23.24,117.82
71,1,33.01,110.3
71,1,24.8,108.71
71,2,31.5,114.58
71,2,22.77,145.69
71,3,40.65,84.25
71,3,26.15,102.21
71,4,36.64,67.09
71,4,48.73,79.32
71,5,40.68,106.7
71,5,38.33,78.61
72,0,32.03,92.67
72,0,25.78,106.78
72,1,31.68,117.29
72,1,21.51,118.54
72,2,39.46,99.91
72,2,24.77,98.68
72,3,37.15,110.19
72,3,35.24,132.39
72,4,33.02,95.61
72,4,24.37,91.11
72,5,32.2,61.24
72,5,35.64,99.0
72,6,27.64,117.22
72,6,36.7,108.44
72,7,31.28,87.06
72,7,34.02,94.1
72,8,22.55,72.18
72,8,41.14,83.85
73,0,33.37,81.25
73,0,46.51,26.88
74,0,33.46,84.41
74,0,30.11,80.52
74,1,35.49,102.62
74,1,43.45,94.81
74,2,37.18,101.29
74,2,29.29,79.39
74,3,26.9,136.4
74,3,32.03,82.64
74,4,23.49,72.4
74,4,40.02,91.25
74,5,30.01,106.62
74,5,37.19,95.64
74,6,21.5,77.81
74,6,33.92,72.5
74,7,28.6,102.33
74,7,40.73,72.25
74,8,29.82,118.07
74,8,32.25,105.3
74,9,46.22,82.94
74,9,35.18,83.52
74,10,40.89,156.99
74,10,43.0,140.75
74,11,32.05,99.21
74,11,21.52,138.87
74,12,32.55,101.33
74,12,36.54,114.21
75,0,39.83,83.0
75,0,23.69,124.08
75,1,20.08,93.98
75,1,13.71,160.85
75,2,29.14,70.26
75,2,24.56,124.6
75,3,31.97,70.21
75,3,41.98,143.28
75,4,32.26,91.97
75,4,49.15,104.22
75,5,36.6,116.56
75,5,23.23,110.16
75,6,34.16,91.62
75,6,21.61,69.54
75,7,34.2,71.64
75,7,36.34,83.0
76,0,40.41,112.18
76,0,23.74,110.82
76,1,37.94,110.05
76,1,22.11,109.65
76,2,34.03,71.41
76,2,22.08,127.18
76,3,36.59,71.45
76,3,24.9,108.22
76,4,33.08,103.53
76,4,23.83,110.97
76,5,39.75,119.53
76,5,36.7,88.04
77,0,35.2,118.94
77,0,28.64,110.02
78,0,38.13,118.43
78,0,37.96,121.88
78,1,34.85,78.64
78,1,31.43,119.21
78,2,31.67,89.41
78,2,45.14,94.09
79,0,34.09,92.5
79,0,33.78,130.3
79,1,40.25,80.63
79,1,29.55,108.61
79,2,32.3,118.48
79,2,22.41,107.26
79,3,40.18,95.79
79,3,21.47,111.92
79,4,25.05,156.0
79,4,40.75,82.98
79,5,41.99,129.54
79,5,31.95,102.54
79,6,27.04,90.18
79,6,38.52,130.69
79,7,51.41,128.04
79,7,37.71,117.15
79,8,31.03,76.77
79,8,41.36,93.83
79,9,22.3,74.84
79,9,40.59,76.61
79,10,22.25,138.11
79,10,40.74,102.0
80,0,22.19,123.73
80,0,32.28,100.09
80,1,28.13,145.31
80,1,40.61,107.82
80,2,35.36,155.81
80,2,40.42,97.16
80,3,22.23,88.8
80,3,40.06,96.1
80,4,36.79,160.96
80,4,25.39,121.05
80,5,26.08,88.39
80,5,41.21,107.97
80,6,31.39,105.02
80,6,25.13,146.0
80,7,28.14,97.53
80,7,22.82,127.04
80,8,41.28,109.99
80,8,23.34,103.27
80,9,32.1,107.02
80,9,25.9,97.33
80,10,35.72,117.11
80,10,27.14,105.4
80,11,34.38,92.95
80,11,29.0,83.26
80,12,38.97,75.63
80,12,31.1,74.31
80,13,33.57,79.06
80,13,38.97,159.38
80,14,50.91,146.14
80,14,40.93,86.71
80,15,29.73,163.01
80,15,37.56,114.2
80,16,24.58,74.16
80,16,37.0,104.95
80,17,28.26,114.59
80,17,38.21,107.07
80,18,25.65,81.78
80,18,36.02,108.52
80,19,28.63,60.74
80,19,26.78,-4.3
80,20,22.14,59.66
80,20,30.88,87.11
80,21,34.79,100.17
80,21,47.57,78.72
80,22,32.22,83.74
80,22,30.61,84.24
80,23,33.88,69.33
80,23,23.38,98.11
80,24,38.6,72.41
80,24,26.9,86.17
80,25,36.62,77.18
80,25,50.19,130.13
80,26,38.12,87.88
80,26,32.7,122.6
80,27,34.34,70.44
80,27,33.29,162.86
80,28,47.18,152.14
80,28,39.93,82.79
80,29,33.54,130.17
80,29,37.53,74.51
80,30,24.02,96.8
80,30,37.83,86.73
80,31,31.16,69.14
80,31,34.61,101.59
80,32,45.79,69.1
80,32,32.82,79.13
80,33,24.74,86.06
80,33,36.85,96.96
80,34,28.29,107.53
80,34,31.93,86.54
80,35,30.34,156.43
80,35,31.89,113.52
81,0,49.02,-118.32
81,0,37.01,-92.97
81,1,39.69,-7.93
81,1,31.61,33.52
81,2,40.63,83.31
81,2,27.2,169.77
82,0,3.87,-113.73
82,0,17.55,-76.05
82,1,24.18,-34.89
82,1,21.96,-57.42
83,0,41.13,95.56
83,0,24.41,68.43
83,1,35.72,103.68
83,1,49.23,86.92
83,2,36.01,105.0
83,2,28.83,100.45
83,3,40.0,79.43
83,3,27.89,71.85
83,4,40.35,83.98
83,4,29.99,115.44
83,5,37.81,81.67
83,5,24.86,124.19
83,6,38.9,116.01
83,6,26.62,149.44
83,7,34.37,72.81
83,7,22.23,143.22
83,8,35.94,81.58
83,8,22.04,112.97
83,9,37.23,78.61
83,9,24.27,137.68
83,10,32.19,114.49
83,10,33.76,111.03
84,0,41.32,105.02
84,0,22.66,75.73
84,1,32.21,84.23
84,1,39.88,108.22
85,0,36.21,84.65
85,0,25.45,75.23
85,1,40.3,101.07
85,1,30.9,173.88
85,2,31.59,100.31
85,2,44.64,94.4
85,3,41.05,104.27
85,3,29.63,73.34
85,4,38.26,89.61
85,4,36.62,96.11
86,0,39.24,-146.56
86,0,37.77,-65.78
86,1,37.31,-40.6
86,1,39.12,24.72
87,0,44.95,-10.26
87,0,37.94,62.1
88,0,34.64,98.51
88,0,29.72,140.35
88,1,35.96,81.81
88,1,21.82,144.39
88,2,31.61,93.41
88,2,27.07,116.58
88,3,39.78,88.92
88,3,49.17,78.71
88,4,34.35,84.74
88,4,31.38,116.72
88,5,39.5,86.16
88,5,26.02,170.97
88,6,32.23,105.44
88,6,30.37,112.01
88,7,37.96,91.47
88,7,24.9,75.72
88,8,35.1,73.79
88,8,29.94,91.04
88,9,32.98,88.31
88,9,26.26,98.27
88,10,38.43,85.51
88,10,45.23,108.37
88,11,60.87,106.68
88,11,42.38,28.83
88,12,53.68,33.48
88,12,47.5,-21.98
88,13,37.77,47.18
88,13,23.35,107.45
88,14,33.96,80.53
88,14,33.09,138.93
88,15,35.63,70.07
88,15,42.6,83.46
88,16,58.47,70.53
88,16,50.47,63.23
88,17,50.72,-28.46
88,17,37.78,-90.14
88,18,32.19,4.93
88,18,22.18,7.99
88,19,26.15,31.67
88,19,34.78,11.06
88,20,40.34,46.95
88,20,37.16,109.7
88,21,23.33,79.05
88,21,32.68,100.86
88,22,27.73,68.61
88,22,33.92,96.95
88,23,35.02,146.87
88,23,29.64,149.53
88,24,40.88,85.32
88,24,48.26,88.56
88,25,56.84,103.14
88,25,44.62,59.86
88,26,50.39,1.73
88,26,57.79,-92.55
88,27,52.68,8.6
88,27,48.76,34.64
88,28,44.7,-24.38
88,28,46.36,-79.64
88,29,41.71,-149.34
88,29,40.41,-50.8
88,30,37.31,-142.82
88,30,36.15,-44.98
88,31,31.51,-3.07
88,31,21.73,-39.05
88,32,24.0,21.65
88,32,30.12,109.13
88,33,27.47,164.29
88,33,40.16,96.04
88,34,24.91,99.4
88,34,37.23,77.46
88,35,23.06,155.16
88,35,29.94,102.65
88,36,36.93,112.87
88,36,25.76,172.16
88,37,25.5,113.16
88,37,39.78,89.93
88,38,24.52,81.26
88,38,36.29,119.78
88,39,40.55,123.77
88,39,28.09,95.39
88,40,25.01,147.35
88,40,33.18,104.93
88,41,27.17,114.24
88,41,38.39,105.92
88,42,46.12,131.51
88,42,36.86,86.47
88,43,30.58,118.77
88,43,26.86,130.7
88,44,22.42,93.4
88,44,33.96,110.77
88,45,26.65,116.27
88,45,35.5,83.63
88,46,27.96,118.36
88,46,36.62,92.87
88,47,48.2,72.55
88,47,35.47,99.68
88,48,29.94,74.28
88,48,26.76,128.67
88,49,32.19,113.88
88,49,28.07,76.68
88,50,23.52,125.25
88,50,38.61,79.3
88,51,26.12,94.78
88,51,41.23,87.73
88,52,51.15,67.83
88,52,36.67,84.89
88,53,23.89,83.24
88,53,36.61,73.61
88,54,30.73,84.39
88,54,36.72,109.34
88,55,34.22,142.13
88,55,24.48,167.4
88,56,35.73,101.93
88,56,31.26,97.43
88,57,41.38,117.78
88,57,26.5,91.14
88,58,31.64,78.09
88,58,25.95,89.07
88,59,39.71,111.23
88,59,21.69,114.21
88,60,38.35,100.88
88,60,26.21,162.72
88,61,30.21,106.94
88,61,12.81,40.02
88,62,25.37,14.27
88,62,24.59,-21.25
88,63,29.75,56.46
88,63,28.01,-12.37
88,64,22.57,56.69
88,64,24.07,-11.22
88,65,29.21,35.09
88,65,23.47,86.82
88,66,31.66,105.74
88,66,28.45,78.09
88,67,32.18,89.39
88,67,22.99,106.89
88,68,32.87,82.35
88,68,24.32,88.05
88,69,36.56,87.61
88,69,27.63,162.72
88,70,19.56,125.82
88,70,24.02,87.69
88,71,32.11,100.15
88,71,27.57,81.77
88,72,30.64,122.03
88,72,33.1,116.93
88,73,24.83,68.5
88,73,32.86,104.25
88,74,47.86,91.13
88,74,34.09,85.87
88,75,23.29,80.73
88,75,35.12,111.83
88,76,23.4,82.38
88,76,34.4,68.25
89,0,49.47,106.71
89,0,45.7,70.93
90,0,22.39,-20.68
90,0,27.17,30.91
91,0,36.91,71.23
91,0,28.26,97.41
91,1,36.43,114.68
91,1,45.49,127.49
91,2,35.89,108.64
91,2,25.53,119.69
91,3,38.73,84.93
91,3,22.34,89.02
91,4,33.53,82.08
91,4,24.98,146.98
91,5,38.68,105.34
91,5,21.72,117.81
91,6,35.42,115.34
91,6,32.1,107.38
92,0,32.25,31.78
92,0,42.48,104.31
93,0,38.13,75.58
93,0,40.96,89.52
94,0,39.18,112.36
94,0,25.2,102.61
94,1,37.5,67.53
94,1,49.1,90.61
94,2,37.38,76.24
94,2,35.77,94.07
95,0,23.21,-23.57
95,0,40.92,54.1
95,1,33.39,115.96
95,1,51.97,95.36
96,0,34.27,115.76
96,0,50.22,90.71
96,1,45.95,55.55
96,1,53.3,63.78
96,2,42.75,-33.34
96,2,31.74,-46.74
96,3,32.95,-121.87
96,3,35.36,-66.28
96,4,36.89,-96.53
96,4,32.47,-95.79
96,5,35.62,-26.77
96,5,49.94,-68.38
96,6,38.44,-115.55
96,6,41.18,-83.72
96,7,32.98,-36.02
96,7,30.5,1.38
96,8,26.73,23.8
96,8,22.64,117.75
96,9,33.42,72.38
96,9,24.29,107.55
96,10,34.67,116.53
96,10,37.38,114.9
97,0,31.39,121.74
97,0,27.27,111.14
98,0,34.53,70.31
98,0,26.23,102.02
98,1,31.26,149.12
98,1,24.58,108.35
98,2,39.96,83.86
98,2,24.44,122.72
98,3,38.57,66.46
98,3,23.9,71.96
98,4,39.33,82.14
98,4,32.45,119.24
99,0,40.31,114.28
99,0,22.81,98.9
99,1,36.35,108.26
99,1,42.78,113.86
99,2,33.62,109.5
99,2,34.46,123.18
99,3,22.96,97.1
99,3,35.33,105.85
99,4,28.86,132.55
99,4,22.09,99.49
99,5,35.86,76.21
99,5,40.64,101.49
100,0,33.51,144.41
100,0,47.14,149.35
101,0,34.41,69.47
101,0,25.59,74.73
101,1,39.0,82.61
101,1,34.7,139.1
101,2,51.24,130.11
101,2,40.95,110.2
101,3,28.87,160.41
101,3,34.8,112.87
101,4,24.03,103.34
101,4,34.35,109.73
101,5,23.24,77.29
101,5,40.36,86.99
101,6,22.43,150.41
101,6,25.23,78.52
101,7,40.91,73.3
101,7,27.89,99.62
101,8,33.02,79.38
101,8,30.12,169.11
101,9,38.87,84.25
101,9,28.09,118.05
101,10,37.45,118.52
101,10,23.29,151.96
101,11,31.2,66.92
101,11,32.82,77.18
101,12,43.56,146.42
101,12,34.31,98.51
101,13,24.49,76.6
101,13,15.98,79.22
101,14,29.38,167.48
101,14,40.32,117.41
102,0,41.47,117.37
102,0,28.34,70.22
102,1,40.49,77.61
102,1,25.96,99.72
103,0,60.15,32.65
103,0,45.28,-39.84
104,0,31.85,118.69
104,0,30.67,100.77
104,1,38.55,103.76
104,1,25.23,101.19
104,2,38.31,71.07
104,2,38.25,90.43
105,0,35.57,110.75
105,0,22.09,69.18
105,1,37.58,114.07
105,1,21.93,73.86
105,2,31.54,73.77
105,2,25.33,118.0
105,3,36.86,86.26
105,3,38.81,71.69
106,0,34.21,115.95
106,0,22.4,89.64
107,0,44.98,-27.44
107,0,31.7,-70.1
107,1,39.69,-133.87
107,1,34.88,-94.29
107,2,41.11,1.24
107,2,23.98,-14.76
107,3,28.24,18.19
107,3,25.24,105.34
107,4,40.75,72.03
107,4,25.06,104.2
107,5,31.75,113.9
107,5,30.24,112.74
107,6,39.12,98.03
107,6,22.27,90.8
107,7,40.21,103.03
107,7,46.44,88.02
107,8,33.6,107.62
107,8,49.15,73.73
107,9,35.12,101.06
107,9,29.14,95.28
107,10,34.42,85.64
107,10,23.6,89.53
107,11,31.84,103.78
107,11,26.88,105.96
107,12,32.23,79.57
107,12,21.5,108.45
107,13,37.43,83.65
107,13,51.28,26.18
107,14,42.9,12.02
107,14,51.55,-79.66
107,15,51.93,-3.09
107,15,48.61,-13.43
107,16,35.83,-77.96
107,16,37.92,-15.41
107,17,30.38,-7.3
107,17,27.07,65.92
107,18,24.46,80.62
107,18,34.31,70.59
107,19,24.62,142.56
107,19,27.79,98.26
107,20,41.32,97.8
107,20,32.98,127.75
107,21,23.19,73.43
107,21,39.25,97.77
107,22,44.58,118.0
107,22,32.06,103.27
107,23,29.31,83.93
107,23,39.28,115.06
107,24,29.58,137.4
107,24,35.01,94.02
107,25,27.66,79.66
107,25,30.84,137.87
107,26,34.68,91.72
107,26,24.8,86.66
107,27,39.45,80.23
107,27,24.73,88.54
107,28,25.86,162.95
107,28,31.08,90.32
107,29,34.75,103.29
107,29,21.5,113.71
107,30,40.43,80.28
107,30,29.43,98.71
107,31,34.53,84.34
107,31,28.61,119.19
107,32,27.09,139.99
107,32,35.55,94.73
107,33,21.46,99.26
107,33,38.79,89.71
107,34,27.89,69.86
107,34,32.75,74.87
107,35,24.52,81.28
107,35,40.33,81.66
107,36,41.68,101.31
107,36,34.19,111.37
107,37,25.79,87.4
107,37,38.05,94.39
107,38,29.84,108.58
107,38,41.11,69.78
107,39,28.54,158.43
107,39,24.44,73.98
107,40,33.24,96.16
107,40,27.26,132.77
107,41,30.37,89.3
107,41,35.19,86.44
107,42,26.97,73.41
107,42,35.77,86.89
107,43,28.08,114.47
107,43,32.87,92.13
107,44,44.27,75.06
107,44,39.59,83.18
107,45,23.36,116.95
107,45,36.43,73.85
107,46,25.97,105.4
107,46,31.53,76.12
107,47,29.77,83.74
107,47,40.79,107.63
107,48,27.36,83.23
107,48,32.04,88.24
107,49,31.17,73.54
107,49,35.36,102.26
107,50,31.28,80.0
107,50,38.67,91.76
107,51,23.82,104.25
107,51,41.25,111.38
107,52,23.17,71.64
107,52,33.07,85.49
107,53,27.11,85.67
107,53,34.87,112.46
107,54,21.62,112.81
107,54,32.6,101.16
107,55,44.04,111.56
107,55,33.72,111.23
107,56,46.33,70.29
107,56,34.65,75.35
107,57,27.18,156.12
107,57,36.17,102.57
107,58,28.12,91.5
107,58,36.58,118.4
107,59,25.45,137.73
107,59,36.11,82.82
107,60,25.93,118.73
107,60,32.0,72.6
107,61,25.9,119.4
107,61,33.7,110.28
107,62,30.26,106.54
107,62,27.5,146.34
107,63,28.67,86.56
107,63,33.17,119.44
107,64,35.49,136.53
107,64,36.56,83.53
107,65,50.51,145.46
107,65,36.34,84.54
107,66,47.79,62.46
107,66,60.63,71.45
107,67,44.26,56.66
107,67,56.48,78.89
107,68,47.1,28.02
107,68,45.73,-14.13
107,69,50.7,-52.57
107,69,31.56,-67.13
107,70,35.82,-24.38
107,70,34.21,49.82
107,71,26.92,-21.36
107,71,26.3,60.34
107,72,26.22,-14.04
107,72,29.56,34.71
107,73,33.13,-24.37
107,73,39.61,45.35
107,74,32.77,94.98
107,74,30.46,166.95
107,75,37.35,116.36
107,75,22.27,163.7
107,76,34.47,98.2
107,76,26.48,69.23
107,77,35.44,89.17
107,77,33.26,140.21
107,78,49.68,168.41
107,78,34.22,74.56
107,79,26.26,71.06
107,79,37.32,102.01
107,80,40.99,158.33
107,80,38.39,88.31
107,81,34.83,158.98
107,81,41.07,105.76
107,82,46.51,104.69
107,82,35.28,78.56
107,83,46.49,74.63
107,83,36.1,101.83
107,84,21.9,75.0
107,84,37.38,82.85
107,85,24.41,166.41
107,85,13.91,111.67
107,86,24.37,119.49
107,86,37.05,96.62
107,87,29.38,96.49
107,87,36.25,117.14
107,88,46.94,87.35
107,88,38.67,104.04
107,89,23.22,119.2
107,89,35.81,52.04
107,90,30.0,75.08
107,90,34.01,114.36
107,91,49.26,50.14
107,91,59.62,-17.99
107,92,44.01,-41.5
107,92,36.65,-43.13
107,93,36.19,1.93
107,93,32.21,45.26
107,94,37.34,96.94
107,94,35.6,162.72
107,95,28.95,88.77
107,95,33.1,83.07
107,96,45.59,130.39
107,96,39.48,111.09
107,97,24.21,126.06
107,97,37.3,79.47
107,98,29.58,104.44
107,98,35.76,111.78
107,99,28.05,82.68
107,99,32.21,66.81
107,100,28.33,74.37
107,100,41.47,78.42
107,101,29.14,85.79
107,101,31.86,85.02
107,102,29.44,123.14
107,102,27.03,92.82
107,103,36.43,73.12
107,103,31.39,114.84
107,104,40.03,69.34
107,104,23.77,135.43
107,105,31.51,90.35
107,105,30.54,102.86
107,106,31.57,75.06
107,106,24.78,93.7
107,107,32.41,80.53
107,107,29.55,68.75
107,108,36.64,79.08
107,108,31.48,165.55
107,109,45.78,142.8
107,109,37.75,108.33
107,110,30.26,133.05
107,110,36.13,92.97
107,111,45.44,70.84
107,111,39.57,113.03
107,112,27.51,132.57
107,112,40.92,88.57
107,113,25.88,113.38
107,113,38.28,86.46
107,114,26.3,111.96
107,114,34.68,75.89
107,115,45.9,92.1
107,115,39.57,107.15
107,116,49.12,82.07
107,116,52.98,76.59
107,117,50.17,34.97
107,117,46.12,-38.49
107,118,37.19,64.65
107,118,35.75,87.14
107,119,21.79,166.88
107,119,26.24,70.29
107,120,38.62,76.74
107,120,27.51,68.61
107,121,40.32,115.19
107,121,22.5,92.37
107,122,41.41,117.32
107,122,21.89,94.13
107,123,38.88,103.64
107,123,43.86,105.56
107,124,33.82,92.31
107,124,46.7,129.28
107,125,38.14,112.66
107,125,25.68,25.83
107,126,23.77,-31.97
107,126,28.84,24.19
107,127,30.81,100.02
107,127,35.57,96.33
107,128,22.11,96.44
107,128,34.22,81.46
107,129,37.28,138.78
107,129,35.08,71.59
107,130,23.75,85.57
107,130,35.27,103.34
107,131,24.19,113.81
107,131,38.92,119.18
107,132,24.06,67.42
107,132,14.61,25.21
107,133,12.64,113.31
107,133,6.61,53.08
107,134,16.74,100.22
107,134,14.21,145.23
107,135,28.27,152.85
107,135,36.22,102.66
107,136,29.64,124.26
107,136,41.31,82.52
107,137,27.9,72.46
107,137,33.63,77.92
107,138,29.56,90.06
107,138,32.02,108.28
107,139,26.62,168.3
107,139,39.93,98.05
107,140,25.46,139.36
107,140,39.72,94.79
107,141,30.91,117.43
107,141,26.46,136.04
107,142,27.56,73.49
107,142,37.56,120.07
107,143,21.88,113.81
107,143,39.38,73.49
107,144,41.84,174.32
107,144,34.38,88.03
107,145,29.19,163.45
107,145,30.93,111.01
107,146,35.28,69.81
107,146,23.32,85.84
107,147,39.01,67.56
107,147,30.84,169.2
107,148,31.5,96.82
107,148,26.22,104.45
107,149,36.52,117.19
107,149,28.85,149.72
107,150,31.64,92.38
107,150,49.45,78.08
107,151,60.65,68.94
107,151,49.22,28.32
107,152,53.37,13.25
107,152,50.82,-4.63
107,153,40.18,-66.24
107,153,40.58,-10.84
107,154,37.53,56.22
107,154,41.24,116.52
107,155,24.04,146.25
107,155,23.43,72.63
107,156,36.71,81.0
107,156,24.99,99.43
107,157,33.82,88.64
107,157,27.48,165.56
107,158,35.13,108.04
107,158,21.47,76.49
107,159,32.57,91.19
107,159,28.37,71.63
107,160,39.54,115.09
107,160,32.35,154.55
107,161,41.95,147.08
107,161,32.71,115.34
107,162,27.64,84.47
107,162,36.92,118.11
107,163,27.55,172.39
107,163,35.65,109.93
107,164,21.84,98.29
107,164,40.25,114.4
107,165,28.61,107.3
107,165,41.28,120.55
107,166,31.01,120.14
107,166,41.41,72.31
107,167,22.78,111.96
107,167,32.19,71.29
107,168,29.51,78.19
107,168,38.82,114.4
107,169,24.3,92.97
107,169,40.97,96.61
107,170,22.19,162.13
107,170,22.71,79.46
107,171,21.77,170.25
107,171,34.12,73.14
107,172,28.43,93.92
107,172,21.72,140.46
107,173,34.36,92.21
107,173,36.29,135.52
107,174,28.68,125.78
107,174,32.62,93.88
107,175,31.13,110.53
107,175,33.16,79.39
107,176,27.22,88.66
107,176,32.39,67.35
107,177,42.32,70.13
107,177,38.42,83.17
107,178,36.43,161.84
107,178,29.68,105.78
107,179,13.62,109.14
107,179,8.04,52.31
107,180,11.57,100.86
107,180,3.86,47.7
107,181,20.8,109.26
107,181,3.72,47.63
107,182,17.91,91.81
107,182,30.7,72.25
107,183,39.08,95.52
107,183,38.17,73.95
108,0,27.71,-19.48
108,0,27.56,9.06
109,0,32.01,95.53
109,0,27.75,80.39
109,1,33.63,83.29
109,1,35.16,132.46
110,0,54.68,80.33
110,0,60.58,41.18
111,0,34.45,119.1
111,0,47.38,126.7
111,1,37.66,99.97
111,1,35.09,114.89
112,0,9.82,121.06
112,0,6.78,110.6
112,1,18.4,163.3
112,1,33.71,44.34
113,0,33.13,91.57
113,0,29.92,105.82
114,0,37.75,68.34
114,0,35.52,95.68
115,0,43.74,159.89
115,0,38.18,94.91
115,1,27.0,98.19
115,1,12.67,96.03
116,0,37.17,84.04
116,0,31.23,116.4
116,1,36.24,67.73
116,1,28.63,147.53
116,2,35.27,92.57
116,2,23.04,76.84
116,3,38.99,111.4
116,3,44.18,91.16
116,4,34.73,99.27
116,4,23.93,160.13
117,0,34.55,151.91
117,0,27.04,113.25
118,0,36.98,85.85
118,0,30.49,102.15
118,1,27.6,144.22
118,1,37.24,70.06
119,0,36.39,76.64
119,0,26.32,115.68
119,1,33.86,76.08
119,1,22.33,103.83
119,2,38.21,71.69
119,2,23.88,105.6
119,3,23.06,160.85
119,3,37.67,117.44
119,4,26.78,122.03
119,4,31.65,108.44
119,5,29.49,120.28
119,5,36.28,116.63
120,0,39.1,102.15
120,0,39.39,82.91
121,0,41.39,87.11
121,0,31.14,101.84
121,1,15.45,173.1
121,1,29.02,157.22
121,2,34.77,87.58
121,2,24.37,118.88
121,3,41.09,91.63
121,3,26.87,116.0
121,4,34.64,68.8
121,4,26.29,75.06
122,0,41.36,94.62
122,0,47.14,118.88
122,1,33.45,97.77
122,1,31.16,168.61
122,2,33.94,107.04
122,2,42.21,98.29
122,3,32.2,69.11
122,3,39.68,82.08
123,0,28.14,-2.82
123,0,40.26,56.17
123,1,32.22,116.55
123,1,58.18,88.95
124,0,32.43,104.13
124,0,30.05,96.26
124,1,34.0,73.11
124,1,27.73,107.42
124,2,32.6,98.67
124,2,30.76,127.91
124,3,30.89,89.59
124,3,34.31,96.59
124,4,26.94,111.35
124,4,31.53,99.51
124,5,32.0,150.69
124,5,31.65,81.42
124,6,34.15,144.74
124,6,37.55,110.79
124,7,44.89,105.15
124,7,41.24,111.91
124,8,50.26,69.49
124,8,35.74,119.0
124,9,30.56,78.38
124,9,39.37,105.96
124,10,28.6,68.54
124,10,39.7,112.43
124,11,38.56,173.87
124,11,23.42,147.94
124,12,38.46,95.37
124,12,25.4,123.22
124,13,34.59,105.64
124,13,24.26,108.7
124,14,36.06,107.12
124,14,49.94,77.19
124,15,44.49,28.22
124,15,41.94,-7.97
124,16,40.71,-53.05
124,16,34.09,-34.95
124,17,38.01,45.68
124,17,34.99,113.12
124,18,42.83,92.43
124,18,32.7,89.97
124,19,30.41,79.37
124,19,33.56,98.44
124,20,40.59,173.55
124,20,39.71,70.43
124,21,30.69,82.2
124,21,39.32,118.73
125,0,20.17,-28.38
125,0,18.01,64.59
125,1,22.61,87.76
125,1,44.91,53.39
126,0,32.38,86.43
126,0,27.16,105.8
126,1,39.71,80.04
126,1,22.07,71.89
126,2,37.01,100.36
126,2,26.73,119.52
126,3,38.32,78.7
126,3,21.81,73.37
126,4,40.46,79.46
126,4,25.6,71.29
126,5,31.84,110.79
126,5,30.69,86.14
126,6,36.76,112.49
126,6,23.93,69.41
126,7,36.79,66.82
126,7,42.86,113.62
126,8,31.94,81.45
126,8,26.44,75.0
126,9,37.61,76.07
126,9,23.63,75.28
126,10,11.98,107.52
126,10,24.03,131.17
126,11,29.62,74.59
126,11,33.23,79.96
126,12,23.56,96.8
126,12,39.81,108.31
126,13,31.24,138.0
126,13,40.6,107.39
126,14,29.51,116.43
126,14,32.35,116.7
126,15,30.3,150.91
126,15,34.22,109.42
127,0,44.51,35.56
127,0,32.27,-2.85
127,1,30.98,-20.78
127,1,18.83,-125.58
128,0,5.97,29.05
128,0,15.94,62.97
129,0,37.78,95.08
129,0,31.03,151.35
130,0,35.65,113.14
130,0,45.21,96.39
130,1,44.57,49.79
130,1,47.64,-13.46
130,2,38.82,-50.2
130,2,40.04,-26.48
130,3,32.66,55.11
130,3,35.2,89.02
130,4,22.69,80.78
130,4,34.75,118.9
130,5,23.7,93.16
130,5,39.78,88.3
130,6,49.65,73.44
130,6,57.04,80.36
130,7,44.83,43.99
130,7,44.7,-8.7
130,8,59.62,-76.39
130,8,56.63,9.23
130,9,42.53,34.84
130,9,42.74,-9.72
130,10,38.89,24.47
130,10,32.64,111.67
130,11,45.34,74.94
130,11,39.31,79.22
130,12,42.58,68.91
130,12,56.32,75.73
130,13,50.72,38.05
130,13,55.44,76.45
130,14,43.85,28.41
130,14,56.66,19.23
130,15,45.77,3.66
130,15,45.45,-57.24
130,16,46.31,-101.96
130,16,34.37,-44.73
130,17,37.15,12.01
130,17,38.92,34.91
130,18,35.92,91.94
130,18,24.54,102.88
130,19,40.78,85.48
130,19,29.11,108.12
130,20,39.63,112.76
130,20,37.04,85.46
131,0,41.29,81.11
131,0,29.59,107.35
131,1,34.54,97.11
131,1,26.9,100.29
131,2,37.58,80.92
131,2,23.87,76.26
131,3,31.9,101.43
131,3,49.61,80.71
131,4,35.49,109.76
131,4,29.81,89.26
131,5,36.32,79.71
131,5,22.33,141.57
131,6,39.15,89.27
131,6,47.93,156.06
131,7,37.79,96.48
131,7,41.38,113.51
132,0,35.34,93.51
132,0,29.36,120.54
133,0,12.99,-33.99
133,0,5.57,12.93
134,0,33.88,90.79
134,0,30.76,119.7
134,1,35.58,99.91
134,1,30.81,78.05
134,2,31.67,71.79
134,2,24.52,109.86
134,3,36.47,98.58
134,3,42.29,119.75
134,4,41.48,72.46
134,4,28.62,75.35
134,5,35.1,108.56
134,5,23.57,160.35
134,6,22.24,102.16
134,6,33.71,89.63
134,7,27.75,171.75
134,7,32.08,118.95
135,0,36.24,112.34
135,0,50.16,95.0
135,1,38.06,99.6
135,1,37.17,106.28
136,0,34.0,95.87
136,0,30.16,97.3
136,1,40.91,82.77
136,1,36.23,90.7
137,0,39.08,107.84
137,0,25.65,101.51
138,0,35.09,100.25
138,0,43.72,66.64
138,1,32.35,69.29
138,1,21.4,87.66
138,2,35.61,67.1
138,2,23.1,167.24
138,3,27.98,116.02
138,3,37.69,112.78
138,4,27.77,153.63
138,4,35.52,115.5
138,5,30.04,95.37
138,5,34.19,71.23
138,6,25.84,89.23
138,6,41.46,71.81
138,7,35.45,129.46
138,7,33.55,110.13
139,0,36.32,98.03
139,0,33.56,155.89
139,1,39.63,95.37
139,1,47.99,103.53
139,2,41.14,90.23
139,2,40.41,149.08
139,3,36.62,114.28
139,3,44.37,88.49
139,4,39.1,114.35
139,4,26.51,106.89
139,5,38.4,74.1
139,5,50.68,79.44
139,6,34.68,80.24
139,6,27.98,119.87
139,7,41.24,109.78
139,7,37.68,105.54
140,0,37.39,84.09
140,0,28.41,92.73
140,1,36.24,66.73
140,1,30.45,165.46
140,2,29.93,120.13
140,2,31.54,66.41
141,0,37.61,115.09
141,0,29.42,141.48
141,1,38.46,111.31
141,1,24.16,75.44
141,2,23.48,153.54
141,2,37.72,77.19
142,0,12.8,-5.68
142,0,20.55,23.0
142,1,26.87,77.15
142,1,47.19,37.6
143,0,40.56,82.29
143,0,25.18,125.89
143,1,26.8,95.2
143,1,34.55,113.47
143,2,24.72,83.86
143,2,40.9,85.83
143,3,42.66,118.77
143,3,38.57,75.32
143,4,25.56,125.07
143,4,39.7,71.45
143,5,22.82,84.87
143,5,35.43,103.0
143,6,30.72,85.06
143,6,30.24,146.0
143,7,15.64,116.74
143,7,10.27,27.66
143,8,9.9,75.26
143,8,14.2,141.77
143,9,24.96,94.5
143,9,37.66,75.15
143,10,28.76,101.42
143,10,35.78,101.01
143,11,44.72,113.64
143,11,38.33,118.35
143,12,30.71,99.59
143,12,29.34,170.19
143,13,39.72,118.52
143,13,48.64,77.65
143,14,37.12,77.23
143,14,33.35,157.91
143,15,23.99,115.05
143,15,41.47,67.33
143,16,49.62,48.91
143,16,45.88,-2.26
143,17,53.19,65.06
143,17,50.06,-7.64
143,18,39.92,-67.57
143,18,33.0,-138.21
143,19,40.41,-74.27
143,19,40.19,-20.12
143,20,39.42,35.29
143,20,34.29,87.33
143,21,31.28,153.41
143,21,40.51,119.46
143,22,21.77,153.9
143,22,34.59,115.17
143,23,27.91,97.12
143,23,38.28,87.8
143,24,30.91,71.21
143,24,36.88,106.88
143,25,26.67,105.62
143,25,34.15,81.39
143,26,21.57,104.68
143,26,32.12,98.42
143,27,28.86,77.47
143,27,39.28,88.54
143,28,22.27,148.17
143,28,32.63,85.41
143,29,36.62,156.99
143,29,22.58,111.38
143,30,38.33,119.29
143,30,49.15,34.16
143,31,48.28,-37.97
143,31,58.29,39.37
143,32,51.27,10.12
143,32,51.85,33.21
143,33,43.98,-12.43
143,33,40.7,24.17
143,34,22.76,-31.19
143,34,24.54,64.52
143,35,25.52,-32.22
143,35,26.01,21.28
143,36,26.88,-28.0
143,36,28.53,53.78
144,0,38.69,81.72
144,0,31.58,107.98
145,0,39.68,116.83
145,0,21.65,129.83
145,1,34.23,68.41
145,1,22.63,119.05
145,2,11.91,49.95
145,2,25.58,112.27
145,3,38.73,112.33
145,3,27.93,141.11
145,4,35.55,70.56
145,4,47.85,42.09
145,5,60.05,74.68
145,5,42.79,51.15
145,6,53.26,63.72
145,6,47.12,-29.35
145,7,39.42,-17.18
145,7,34.21,55.23
145,8,37.79,88.1
145,8,26.48,104.84
145,9,30.08,140.91
145,9,40.83,86.7
145,10,24.53,99.38
145,10,39.48,104.64
145,11,21.97,69.78
145,11,40.8,106.45
146,0,33.44,116.47
146,0,26.68,125.3
146,1,37.29,95.9
146,1,44.48,122.47
146,2,32.95,117.72
146,2,45.13,157.96
146,3,32.83,113.27
146,3,28.53,150.37
146,4,22.78,87.79
146,4,36.45,99.55
146,5,21.56,100.52
146,5,38.15,81.96
146,6,28.78,163.39
146,6,38.27,138.83
146,7,37.62,113.24
146,7,29.66,102.32
146,8,37.22,68.22
146,8,34.97,149.11
146,9,37.8,115.71
146,9,49.9,91.13
146,10,37.31,81.83
146,10,47.12,113.12
146,11,34.13,69.95
146,11,43.97,108.38
146,12,35.16,90.17
146,12,31.38,121.51
146,13,32.33,68.83
146,13,28.71,162.55
146,14,33.38,115.73
146,14,21.42,77.66
146,15,34.46,117.31
146,15,35.93,69.03
147,0,12.02,-0.92
147,0,2.48,12.78
148,0,33.36,117.47
148,0,23.52,92.15
148,1,40.4,69.49
148,1,21.67,116.17
148,2,38.29,77.92
148,2,23.33,108.84
148,3,39.79,113.51
148,3,24.71,104.43
148,4,38.96,86.35
148,4,28.42,167.63
148,5,32.81,88.34
148,5,24.91,119.79
148,6,36.19,163.84
148,6,40.67,87.49
149,0,33.0,107.8
149,0,31.31,96.98
149,1,39.47,73.42
149,1,25.35,123.57
149,2,39.32,84.24
149,2,50.1,160.58
149,3,33.08,78.31
149,3,31.2,108.91
149,4,40.69,87.0
149,4,30.05,101.91
149,5,39.01,105.91
149,5,31.26,82.49
149,6,36.28,111.48
149,6,38.62,75.11
150,0,33.27,102.62
150,0,25.27,148.86
150,1,32.47,112.13
150,1,31.6,128.36
151,0,38.2,77.59
151,0,33.71,90.0
152,0,32.61,96.53
152,0,26.2,103.94
152,1,39.4,83.56
152,1,22.85,66.72
153,0,53.58,-28.04
153,0,47.18,-72.25
154,0,31.79,91.4
154,0,27.64,112.17
154,1,32.34,110.28
154,1,37.46,92.81
155,0,47.73,-42.0
155,0,40.98,-14.75
156,0,49.08,134.35
156,0,36.11,94.98
156,1,22.51,165.93
156,1,18.34,79.97
157,0,40.01,102.9
157,0,29.5,118.02
157,1,33.51,95.74
157,1,27.06,137.4
157,2,32.41,107.48
157,2,29.66,113.07
157,3,38.75,99.05
157,3,29.86,117.88
157,4,37.68,67.19
157,4,26.87,79.24
157,5,32.42,95.65
157,5,42.13,100.66
157,6,40.68,87.27
157,6,30.27,75.25
157,7,34.32,86.42
157,7,30.23,84.94
157,8,29.29,165.16
157,8,38.97,108.88
157,9,24.79,111.47
157,9,40.84,91.74
157,10,44.85,153.48
157,10,38.42,109.31
157,11,34.39,171.58
157,11,28.19,130.06
157,12,30.4,119.38
157,12,36.34,71.86
158,0,33.03,100.09
158,0,32.96,110.79
159,0,8.98,158.89
159,0,9.37,96.83
159,1,14.77,138.22
159,1,36.4,26.12
160,0,37.03,93.66
160,0,27.36,142.79
161,0,31.59,114.04
161,0,25.74,121.88
161,1,32.51,117.18
161,1,27.22,109.83
161,2,30.32,135.9
161,2,37.18,95.52
161,3,22.95,150.23
161,3,11.89,116.22
161,4,10.69,65.86
161,4,14.02,112.73
161,5,17.19,165.11
161,5,5.78,163.12
161,6,1.67,70.49
161,6,12.63,111.86
161,7,3.81,38.25
161,7,21.0,74.75
161,8,3.69,20.82
161,8,20.48,85.87
161,9,6.69,43.4
161,9,11.76,109.25
161,10,4.32,34.49
161,10,18.9,88.19
161,11,28.91,171.97
161,11,32.94,89.13
161,12,29.02,111.38
161,12,37.22,114.27
161,13,32.79,157.22
161,13,32.16,72.99
162,0,36.21,99.18
162,0,24.98,119.83
162,1,40.31,109.52
162,1,39.06,95.33
163,0,36.1,76.29
163,0,50.25,159.31
163,1,33.88,111.12
163,1,24.26,74.64
163,2,33.79,101.14
163,2,36.34,68.1
164,0,36.48,99.62
164,0,31.36,67.73
164,1,30.95,133.97
164,1,35.76,95.25
165,0,34.7,99.01
165,0,38.37,169.04
165,1,41.15,83.12
165,1,29.46,75.67
165,2,37.78,74.39
165,2,31.83,121.55
165,3,32.21,67.76
165,3,24.05,87.41
165,4,35.45,82.84
165,4,26.54,93.89
165,5,35.7,100.8
165,5,34.15,135.31
165,6,23.92,151.0
165,6,38.86,88.3
165,7,37.18,128.95
165,7,23.28,162.92
165,8,32.71,77.76
165,8,27.26,70.51
165,9,37.96,112.36
165,9,27.22,112.75
165,10,35.2,75.94
165,10,29.43,96.68
165,11,36.95,109.24
165,11,28.08,87.85
165,12,38.9,86.37
165,12,29.51,157.52
165,13,41.0,94.98
165,13,26.97,84.52
165,14,31.72,82.95
165,14,35.96,95.11
166,0,37.09,114.72
166,0,26.08,130.93
166,1,40.84,95.52
166,1,22.61,82.92
166,2,40.79,69.21
166,2,36.61,111.67
167,0,32.19,88.91
167,0,45.61,71.78
167,1,31.84,73.65
167,1,27.83,99.81
167,2,32.29,71.7
167,2,31.15,94.43
168,0,28.93,167.58
168,0,30.38,82.08
169,0,38.11,92.56
169,0,23.9,104.88
169,1,33.29,67.48
169,1,42.45,86.93
169,2,60.56,119.34
169,2,45.67,61.65
169,3,50.92,-2.68
169,3,40.17,-86.41
169,4,40.72,-129.81
169,4,40.73,-72.06
169,5,31.83,-5.54
169,5,46.38,-87.5
169,6,38.57,-60.15
169,6,32.28,-2.44
169,7,38.6,53.47
169,7,30.1,4.2
169,8,30.94,25.77
169,8,25.09,88.56
169,9,35.86,114.07
169,9,45.94,130.5
169,10,39.12,78.77
169,10,30.88,99.55
169,11,33.91,85.4
169,11,28.72,88.96
169,12,36.71,116.56
169,12,26.89,88.72
169,13,39.03,112.84
169,13,24.42,154.13
169,14,40.29,114.58
169,14,28.43,94.81
169,15,39.62,75.36
169,15,23.75,70.31
169,16,37.26,105.31
169,16,26.51,75.53
169,17,24.26,123.18
169,17,26.37,71.21
169,18,38.98,97.46
169,18,26.75,89.93
169,19,32.95,100.37
169,19,43.15,99.19
169,20,39.34,77.47
169,20,39.78,89.55
170,0,43.35,147.5
170,0,39.85,118.72
170,1,26.39,50.37
170,1,27.05,-20.94
171,0,38.22,98.25
171,0,35.79,170.48
171,1,38.84,97.55
171,1,22.19,108.27
171,2,36.55,85.53
171,2,39.48,97.96
172,0,36.77,68.87
172,0,23.18,93.42
172,1,22.25,141.51
172,1,31.68,73.5
172,2,29.6,92.0
172,2,39.72,95.83
172,3,27.16,71.58
172,3,40.45,101.48
172,4,26.23,117.03
172,4,33.62,116.66
173,0,59.36,99.81
173,0,54.58,44.05
174,0,32.06,113.34
174,0,47.7,103.86
174,1,58.65,84.22
174,1,46.68,44.7
174,2,60.13,60.76
174,2,50.35,11.72
174,3,57.38,-66.96
174,3,57.23,-25.94
174,4,44.17,44.32
174,4,43.78,-6.05
174,5,59.91,15.15
174,5,47.81,-37.56
174,6,34.15,-64.55
174,6,38.33,-117.25
174,7,45.54,-89.0
174,7,38.69,10.81
174,8,35.24,40.57
174,8,31.01,9.66
174,9,21.78,48.47
174,9,21.85,99.21
174,10,35.23,107.47
174,10,28.29,95.87
174,11,34.77,98.66
174,11,44.22,105.97
174,12,31.65,67.8
174,12,41.91,115.85
174,13,55.65,83.86
174,13,47.26,41.96
174,14,57.14,68.67
174,14,41.93,54.45
174,15,47.2,-23.94
174,15,35.19,117.32
175,0,36.36,86.08
175,0,28.05,105.26
175,1,35.71,119.21
175,1,43.19,83.95
175,2,35.73,104.45
175,2,49.47,37.74
175,3,44.41,-3.65
175,3,44.43,15.76
175,4,47.76,-17.32
175,4,33.84,53.34
175,5,39.09,111.28
175,5,48.9,146.52
175,6,36.42,102.21
175,6,23.06,94.04
175,7,32.59,110.82
175,7,26.37,89.9
175,8,39.53,95.85
175,8,26.38,158.03
175,9,27.77,96.01
175,9,35.86,95.73
175,10,22.89,80.44
175,10,36.72,76.76
175,11,31.02,89.72
175,11,36.19,70.12
175,12,45.33,74.21
175,12,35.46,134.65
175,13,26.6,96.29
175,13,31.67,78.69
176,0,37.71,69.56
176,0,22.05,120.22
176,1,33.17,95.33
176,1,27.97,76.83
176,2,34.86,81.89
176,2,49.89,81.77
176,3,37.9,123.22
176,3,26.04,171.38
176,4,40.74,118.96
176,4,29.28,138.16
176,5,39.34,115.01
176,5,32.18,139.96
176,6,36.1,72.65
176,6,27.24,72.0
176,7,36.15,167.0
176,7,22.52,74.7
176,8,40.41,80.55
176,8,49.28,118.32
176,9,41.34,74.8
176,9,29.75,99.81
176,10,33.64,81.05
176,10,29.48,109.52
176,11,36.01,72.63
176,11,42.66,135.0
176,12,35.1,70.33
176,12,22.0,113.01
176,13,36.12,116.65
176,13,25.18,116.4
176,14,30.28,161.38
176,14,14.05,89.6
176,15,10.69,46.14
176,15,15.71,114.35
176,16,22.42,75.46
176,16,33.6,118.85
176,17,27.86,83.42
176,17,32.32,98.37
176,18,42.84,128.01
176,18,39.26,75.86
176,19,49.9,68.61
176,19,33.72,90.9
176,20,50.45,74.82
176,20,41.36,78.36
176,21,30.71,68.2
176,21,38.28,84.22
176,22,25.29,67.26
176,22,41.37,114.41
176,23,50.34,26.27
176,23,52.62,-28.23
176,24,54.04,-63.68
176,24,46.51,-93.43
176,25,38.37,-77.64
176,25,32.75,-125.35
176,26,36.04,-74.5
176,26,34.28,4.95
176,27,26.66,9.83
176,27,29.23,16.75
176,28,34.41,7.39
176,28,39.76,19.29
176,29,34.71,73.06
176,29,25.04,82.87
176,30,34.72,103.36
176,30,23.68,106.85
176,31,37.89,91.6
176,31,26.0,139.05
176,32,41.17,119.22
176,32,22.02,128.91
176,33,31.41,96.95
176,33,35.83,75.64
177,0,60.83,33.32
177,0,50.35,-8.35
178,0,32.87,89.4
178,0,22.67,75.39
178,1,33.41,78.34
178,1,40.36,132.59
178,2,33.49,78.14
178,2,40.48,146.18
178,3,29.07,166.57
178,3,38.96,110.39
178,4,28.46,115.74
178,4,36.71,106.62
179,0,35.74,81.75
179,0,25.73,89.85
179,1,33.41,94.47
179,1,25.4,105.99
179,2,38.46,101.47
179,2,25.21,114.48
179,3,37.31,117.16
179,3,30.03,100.53
179,4,37.42,115.44
179,4,24.2,147.78
179,5,38.14,87.61
179,5,27.68,105.97
179,6,31.65,116.87
179,6,22.11,91.01
179,7,28.96,147.53
179,7,26.55,117.82
179,8,23.12,162.92
179,8,33.39,77.14
179,9,32.58,174.33
179,9,43.01,157.88
179,10,33.46,88.89
179,10,46.92,107.83
179,11,38.89,71.11
179,11,23.53,80.5
179,12,31.63,88.0
179,12,44.83,69.18
179,13,40.28,76.27
179,13,43.05,98.82
179,14,34.14,107.73
179,14,28.79,132.73
179,15,37.12,101.25
179,15,47.79,95.74
179,16,59.79,118.82
179,16,51.49,33.3
179,17,43.33,-25.84
179,17,39.65,38.16
179,18,36.51,116.69
179,18,24.59,109.67
179,19,35.33,98.87
179,19,50.0,83.69
179,20,38.79,98.84
179,20,31.82,88.46
180,0,36.52,72.08
180,0,28.67,76.11
181,0,27.58,-115.48
181,0,35.24,-61.52
181,1,33.85,-9.84
181,1,23.19,59.58